num,x,y,targetX,targetY,errorX,errorY,tot_error,PID_x,PID_y
0,0,0,0,0,0,0,0.0,-0.0,-0.0
1,0,0,0,0,0,0,0.0,-0.0,-0.0
2,0,0,0,0,0,0,0.0,-0.0,-0.0
3,0,0,0,0,0,0,0.0,-0.0,-0.0
4,0,0,0,0,0,0,0.0,-0.0,-0.0
5,0,0,0,0,0,0,0.0,-0.0,-0.0
6,0,0,0,0,0,0,0.0,-0.0,-0.0
7,0,0,0,0,0,0,0.0,-0.0,-0.0
8,0,0,0,0,0,0,0.0,-0.0,-0.0
9,0,0,0,0,0,0,0.0,-0.0,-0.0
10,0,0,0,0,0,0,0.0,-0.0,-0.0
11,0,0,0,0,0,0,0.0,-0.0,-0.0
12,0,0,0,0,0,0,0.0,-0.0,-0.0
13,0,0,0,0,0,0,0.0,-0.0,-0.0
14,0,0,0,0,0,0,0.0,-0.0,-0.0
15,0,0,0,0,0,0,0.0,-0.0,-0.0
16,0,0,0,0,0,0,0.0,-0.0,-0.0
17,0,0,0,0,0,0,0.0,-0.0,-0.0
18,0,0,0,0,0,0,0.0,-0.0,-0.0
19,0,0,0,0,0,0,0.0,-0.0,-0.0
20,0,0,0,0,0,0,0.0,-0.0,-0.0
21,0,0,0,0,0,0,0.0,-0.0,-0.0
22,0,0,0,0,0,0,0.0,-0.0,-0.0
23,0,0,0,0,0,0,0.0,-0.0,-0.0
24,0,0,0,0,0,0,0.0,-0.0,-0.0
25,0,0,0,0,0,0,0.0,-0.0,-0.0
26,0,0,0,0,0,0,0.0,-0.0,-0.0
27,0,0,0,0,0,0,0.0,-0.0,-0.0
28,0,0,0,0,0,0,0.0,-0.0,-0.0
29,0,0,0,0,0,0,0.0,-0.0,-0.0
30,0,0,0,0,0,0,0.0,-0.0,-0.0
31,0,0,0,0,0,0,0.0,-0.0,-0.0
32,0,0,0,0,0,0,0.0,-0.0,-0.0
33,0,0,0,0,0,0,0.0,-0.0,-0.0
34,0,0,0,0,0,0,0.0,-0.0,-0.0
35,0,0,0,0,0,0,0.0,-0.0,-0.0
36,0,0,0,0,0,0,0.0,-0.0,-0.0
37,0,0,0,0,0,0,0.0,-0.0,-0.0
38,0,0,0,0,0,0,0.0,-0.0,-0.0
39,0,0,0,0,0,0,0.0,-0.0,-0.0
40,0,0,0,0,0,0,0.0,-0.0,-0.0
41,0,0,0,0,0,0,0.0,-0.0,-0.0
42,0,0,0,0,0,0,0.0,-0.0,-0.0
43,0,0,0,0,0,0,0.0,-0.0,-0.0
44,0,0,0,0,0,0,0.0,-0.0,-0.0
45,0,0,0,0,0,0,0.0,-0.0,-0.0
46,0,0,0,0,0,0,0.0,-0.0,-0.0
47,0,0,0,0,0,0,0.0,-0.0,-0.0
48,0,0,0,0,0,0,0.0,-0.0,-0.0
49,0,0,0,0,0,0,0.0,-0.0,-0.0
50,0,0,0,0,0,0,0.0,-0.0,-0.0
51,0,0,0,0,0,0,0.0,-0.0,-0.0
52,0,0,0,0,0,0,0.0,-0.0,-0.0
53,0,0,0,0,0,0,0.0,-0.0,-0.0
54,0,0,0,0,0,0,0.0,-0.0,-0.0
55,0,0,0,0,0,0,0.0,-0.0,-0.0
56,0,0,0,0,0,0,0.0,-0.0,-0.0
57,0,0,0,0,0,0,0.0,-0.0,-0.0
58,0,0,0,0,0,0,0.0,-0.0,-0.0
59,0,0,0,0,0,0,0.0,-0.0,-0.0
60,0,0,0,0,0,0,0.0,-0.0,-0.0
61,0,0,0,0,0,0,0.0,-0.0,-0.0
62,0,0,0,0,0,0,0.0,-0.0,-0.0
63,0,0,0,0,0,0,0.0,-0.0,-0.0
64,5.4,17.5,0,0,-5.4,-17.5,18.31420213932346,30.0,30.0
65,4.9,15.6,0,0,-4.9,-15.6,16.35145253486674,-2.693952406071447,-11.742939743317283
66,4.5,13.8,0,0,-4.5,-13.8,14.515164484083535,-1.6595707383570613,-10.78833644128655
67,4.1,11.8,0,0,-4.1,-11.8,12.491997438360288,-0.793716767459467,-7.84273000457936
68,3.7,10.0,0,0,-3.7,-10.0,10.662551289442879,-1.2171876162708126,-8.337857507711526
69,3.2,8.1,0,0,-3.2,-8.1,8.709190547921201,-1.954949028260256,-9.148945729730046
70,2.7,6.1,0,0,-2.7,-6.1,6.670832032063166,-1.0274331918917945,-7.030170075842569
71,2.3,4.3,0,0,-2.3,-4.3,4.876474136094643,0.6807873238819281,-2.5270010925697557
72,1.8,2.5,0,0,-1.8,-2.5,3.0805843601498726,-0.6450335801423313,-5.0160258110100475
73,1.4,1.1,0,0,-1.4,-1.1,1.7804493814764855,-0.20880618512272675,-3.3521327278907522
74,1.0,-0.5,0,0,-1.0,0.5,1.118033988749895,-0.834368119930534,-7.233860222974325
75,0.6,-1.9,0,0,-0.6,1.9,1.9924858845171274,-1.0440157742407656,-6.6728464366614375
76,0.3,-3.4,0,0,-0.3,3.4,3.413209633175202,-0.8145671188547802,-9.11705582878443
77,-0.1,-4.7,0,0,0.1,4.7,4.701063709417264,-1.8508727293566796,-9.182287965762237
78,-0.3,-6.1,0,0,0.3,6.1,6.107372593840988,-0.8168709960745889,-11.25061719609976
79,-0.7,-7.3,0,0,0.7,7.3,7.333484846919641,-2.56150123782382,-11.264707385913521
80,-1.1,-8.5,0,0,1.1,8.5,8.570880934886448,-2.7739168404499783,-11.990273471874435
81,-1.4,-9.6,0,0,1.4,9.6,9.701546268507922,-2.419854750518459,-12.400223914559117
82,-1.6,-10.7,0,0,1.6,10.7,10.818964830333815,-2.0507583830667997,-13.766169393031216
83,-1.9,-11.6,0,0,1.9,11.6,11.75457357797381,-2.9620614236704093,-13.25142246451336
84,-2.2,-12.5,0,0,2.2,12.5,12.69212354178764,-3.1731019254938535,-14.057938902774238
85,-2.4,-13.0,0,0,2.4,13.0,13.219682295728592,-2.808273036769742,-12.337707584518416
86,-2.5,-13.5,0,0,2.5,13.5,13.729530217745982,-2.1470529080492824,-12.363233831325557
87,-2.6,-13.8,0,0,2.6,13.8,14.042791745233567,-2.3807223554381522,-11.848503375923187
88,-2.7,-14.0,0,0,2.7,14.0,14.257980221616243,-2.4249411200934903,-11.448293184828954
89,-2.7,-13.9,0,0,2.7,13.9,14.159802258506296,-1.8480986397592436,-9.7416864510501
90,-2.7,-13.6,0,0,2.7,13.6,13.865424623862046,-1.9416893282127083,-8.618692948513942
91,-2.6,-13.4,0,0,2.6,13.4,13.649908424601243,-1.2973779706712987,-9.28906609384292
92,-2.4,-12.7,0,0,2.4,12.7,12.924782396620841,-0.6105771301021732,-5.888268144080675
93,-2.1,-12.2,0,0,2.1,12.2,12.379418403139946,0.2878998202784735,-6.8197860738639635
94,-1.9,-11.3,0,0,1.9,11.3,11.458621208504974,-0.4195487890669884,-4.155173925068477
95,-1.7,-10.5,0,0,1.7,10.5,10.636728820459794,-0.21677841550030374,-3.9379272746979446
96,-1.4,-9.5,0,0,1.4,9.5,9.60260381354974,0.5094860651373945,-2.359144975332879
97,-1.1,-8.5,0,0,1.1,8.5,8.570880934886448,0.897132191036645,-1.0559010264869197
98,-0.8,-7.5,0,0,0.8,7.5,7.542545989253231,0.806107996335378,-1.421152368889837
99,-0.5,-6.4,0,0,0.5,6.4,6.419501538281614,1.1164609188842316,0.11902293809461462
100,-0.1,-5.4,0,0,0.1,5.4,5.400925846556311,2.3576354104908934,1.009111949636405
101,0.2,-4.1,0,0,-0.2,4.1,4.104875150354758,1.8019185789687202,3.7526572435483576
102,0.4,-3.2,0,0,-0.4,3.2,3.22490309931942,1.2201595791480875,1.3727301769587967
103,0.8,-1.9,0,0,-0.8,1.9,2.0615528128088303,2.931770363523628,5.304646578053618
104,0.9,-1.0,0,0,-0.9,1.0,1.3453624047073711,1.0761930437382143,3.339850846001231
105,1.2,0.2,0,0,-1.2,-0.2,1.2165525060596438,2.6180633817593817,6.092071664770381
106,1.6,1.2,0,0,-1.6,-1.2,2.0,3.661263504233391,5.730071314218501
107,1.8,2.2,0,0,-1.8,-2.2,2.8425340807103794,2.486864048744106,6.284659898986475
108,2.0,3.3,0,0,-2.0,-3.3,3.8587562763149474,2.7032695665128035,8.048904921823796
109,2.2,4.0,0,0,-2.2,-4.0,4.565084884205331,2.891871946294323,6.005822126126022
110,2.4,5.2,0,0,-2.4,-5.2,5.727128425310542,3.074021086296743,10.326480562664528
111,2.5,5.4,0,0,-2.5,-5.4,5.950630218724736,2.4354772083425793,3.8179417732527003
112,2.6,6.4,0,0,-2.6,-6.4,6.907966415668218,2.7072231557433364,10.626917201062875
113,2.7,6.8,0,0,-2.7,-6.8,7.316419889536138,2.7136915784133544,6.118902731741829
114,2.7,7.4,0,0,-2.7,-7.4,7.877182237323192,2.170272197921701,8.638182671131101
115,2.7,7.6,0,0,-2.7,-7.6,8.065358020571685,2.2233269468662913,5.923022403582909
116,2.7,7.7,0,0,-2.7,-7.7,8.15965685553014,2.2813171701725614,5.584216607497233
117,2.7,7.8,0,0,-2.7,-7.8,8.254089895318563,2.318310839343228,5.722571220147962
118,2.6,7.6,0,0,-2.6,-7.6,8.032434251209281,1.6033497931789,3.744404512259523
119,2.4,7.3,0,0,-2.4,-7.3,7.684399781375251,0.9098512071895598,3.1920478311918363
120,2.3,6.9,0,0,-2.3,-6.9,7.273238618387273,1.4700798208078076,2.2748403239331694
121,2.1,6.4,0,0,-2.1,-6.4,6.735725647619565,0.7306751624401986,1.5698283223222318
122,1.8,5.8,0,0,-1.8,-5.8,6.072890580275591,-0.08691915617813706,0.5635838918633056
123,1.6,5.0,0,0,-1.6,-5.0,5.249761899362675,0.463004208024379,-1.2293778732632523
124,1.3,4.4,0,0,-1.3,-4.4,4.588027898781785,-0.24558263687727466,-0.048433920077061376
125,1.0,3.5,0,0,-1.0,-3.5,3.640054944640259,-0.6289738635232045,-3.0450656329871415
126,0.7,2.8,0,0,-0.7,-2.8,2.886173937932362,-0.7666734170359104,-2.07219939660425
127,0.4,1.9,0,0,-0.4,-1.9,1.9416487838947598,-1.0423896476254353,-4.292527297145381
128,0.2,1.1,0,0,-0.2,-1.1,1.118033988749895,-0.4908380781025651,-4.023837389394342
129,-0.1,0.2,0,0,0.1,-0.2,0.223606797749979,-1.3659483564757866,-5.368130386985083
130,-0.3,-0.6,0,0,0.3,0.6,0.6708203932499369,-0.8735580199825523,-5.316903728926731
131,-0.6,-1.4,0,0,0.6,1.4,1.5231546211727816,-1.9156732036571273,-6.38222767392756
132,-0.8,-2.0,0,0,0.8,2.0,2.154065922853802,-1.3502949922109762,-5.377913522417577
133,-1.1,-2.8,0,0,1.1,2.8,3.0083217912982647,-2.2478266300501963,-7.352876520683025
134,-1.2,-3.4,0,0,1.2,3.4,3.605551275463989,-1.0296097963684492,-6.492549252179581
135,-1.4,-4.0,0,0,1.4,4.0,4.237924020083418,-1.8767121971944396,-7.218850539927626
136,-1.6,-4.5,0,0,1.6,4.5,4.775981574503821,-2.088911552019089,-7.202076970010424
137,-1.6,-4.9,0,0,1.6,4.9,5.15460958754395,-0.7957295823832261,-6.733139464315961
138,-1.8,-5.2,0,0,1.8,5.2,5.502726596879042,-2.408628006784922,-6.768947398909784
139,-1.8,-5.6,0,0,1.8,5.6,5.882176467941097,-1.0365022620600417,-7.598437723482281
140,-1.8,-5.7,0,0,1.8,5.7,5.977457653551383,-1.0832056893518986,-5.90471093506795
141,-1.8,-5.9,0,0,1.8,5.9,6.168468205316454,-1.1078176605808423,-6.8268547600939655
142,-1.8,-5.9,0,0,1.8,5.9,6.168468205316454,-1.1653595800717627,-5.66302196545621
143,-1.7,-5.9,0,0,1.7,5.9,6.1400325732035,-0.46305271858444974,-5.76665499219574
144,-1.6,-5.8,0,0,1.6,5.8,6.016643582596529,-0.4380457233475468,-5.126633148153294
145,-1.5,-5.7,0,0,1.5,5.7,5.89406481131655,-0.40803014930663417,-5.1553369400503195
146,-1.4,-5.4,0,0,1.4,5.4,5.578530272392541,-0.3548201262561518,-3.7817459982053867
147,-1.2,-5.2,0,0,1.2,5.2,5.336665625650534,0.42365139493945214,-4.316876289493417
148,-1.1,-4.8,0,0,1.1,4.8,4.924428900898052,-0.14733447711156006,-2.7298691749613226
149,-1.0,-4.5,0,0,1.0,4.5,4.6097722286464435,-0.006825704503825969,-3.0392044885339686
150,-0.8,-4.0,0,0,0.8,4.0,4.079215610874228,0.6143254838277464,-1.9396782454318122
151,-0.6,-3.6,0,0,0.6,3.6,3.6496575181789317,0.8577693331894979,-2.091071823385249
152,-0.5,-3.1,0,0,0.5,3.1,3.1400636936215167,0.35188968099969353,-0.8466908078894111
153,-0.3,-2.5,0,0,0.3,2.5,2.5179356624028344,1.0991894697644806,-0.09279679440830346
154,-0.1,-1.9,0,0,0.1,1.9,1.9026297590440446,1.3083947097208357,0.4712695058163465
155,0.1,-1.5,0,0,-0.1,1.5,1.5033296378372907,1.3458151426767795,-0.7197366263682834
156,0.3,-0.7,0,0,-0.3,0.7,0.7615773105863908,1.6106215173648684,2.7602809851216104
157,0.6,-0.3,0,0,-0.6,0.3,0.6708203932499369,2.437702155988966,0.2848301626408456
158,0.7,0.5,0,0,-0.7,-0.5,0.8602325267042626,1.2593071200576393,3.7929708749719633
159,0.9,1.0,0,0,-0.9,-1.0,1.3453624047073711,1.973843791197346,1.80831694935039
160,0.9,1.6,0,0,-0.9,-1.6,1.8357559750685821,0.7733054404982992,1.1236458042834476
161,1.2,2.1,0,0,-1.2,-2.1,2.4186773244895647,2.939226375872919,2.772453824339098
162,1.3,2.7,0,0,-1.3,-2.7,2.9966648127543394,1.7465249568107664,3.9097179380103055
163,1.5,3.1,0,0,-1.5,-3.1,3.443835071544513,2.654517882969974,3.128360340724905
164,1.6,3.6,0,0,-1.6,-3.6,3.939543120718442,2.041448528015456,4.0598538137896
165,1.7,4.0,0,0,-1.7,-4.0,4.346262762420146,2.1539771541278765,3.935191991806529
166,1.8,4.5,0,0,-1.8,-4.5,4.846648326421054,2.186127560747215,4.796597049253529
167,1.8,4.7,0,0,-1.8,-4.7,5.032891812864648,1.574098559297628,3.033469135718496
168,1.9,5.1,0,0,-1.9,-5.1,5.442425929675111,2.3495795480722386,4.716181365887438
169,1.9,5.2,0,0,-1.9,-5.2,5.5362442142665635,1.7323377765603,2.936803504738309
170,1.8,5.4,0,0,-1.8,-5.4,5.692099788303083,1.0666794992262307,3.798053517389084
171,1.8,5.4,0,0,-1.8,-5.4,5.692099788303083,1.7552514120784233,2.595480929938453
172,1.7,5.5,0,0,-1.7,-5.5,5.756735185849702,1.017676164912206,3.484017910068802
173,1.7,5.4,0,0,-1.7,-5.4,5.661271941887265,1.7395536023490554,2.1729684303224555
174,1.5,5.3,0,0,-1.5,-5.3,5.508175741568165,0.35774882694636956,2.182532317263813
175,1.5,5.1,0,0,-1.5,-5.1,5.316013544000805,1.6670182165627423,1.346279538123249
176,1.4,4.8,0,0,-1.4,-4.8,5.0,0.9724971801347918,0.8193019405832178
177,1.3,4.5,0,0,-1.3,-4.5,4.684015371452148,0.8224914752923294,0.46090361557050685
178,1.1,4.2,0,0,-1.1,-4.2,4.341658669218482,0.07813912322389482,0.4102045178699023
179,1.0,3.7,0,0,-1.0,-3.7,3.83275357934736,0.6897141941315169,-1.015053970197139
180,0.9,3.3,0,0,-0.9,-3.3,3.420526275297414,0.5489809734655378,-0.8434457884627781
181,0.7,2.9,0,0,-0.7,-2.9,2.9832867780352594,-0.21328707159534965,-1.0100248092031698
182,0.6,2.4,0,0,-0.6,-2.4,2.4738633753705965,0.362296753381527,-2.1218677976160083
183,0.5,1.9,0,0,-0.5,-1.9,1.96468827043885,0.29437998400316334,-2.4270426756921504
184,0.4,1.3,0,0,-0.4,-1.3,1.3601470508735443,0.20654647652003566,-3.3925694402663
185,0.2,0.9,0,0,-0.2,-0.9,0.9219544457292888,-0.6642552123344472,-2.577485884997744
186,0.1,0.4,0,0,-0.1,-0.4,0.4123105625617661,-0.03952005606349296,-3.6114958274677904
187,0.0,-0.2,0,0,0.0,0.2,0.2,0.549526332995956,-1.0811784571854401
188,-0.1,-0.6,0,0,0.1,0.6,0.6082762530298219,-0.16746703714272582,-3.436404065940269
189,-0.2,-1.1,0,0,0.2,1.1,1.118033988749895,-0.29466150834333166,-4.747688548412173
190,-0.3,-1.5,0,0,0.3,1.5,1.5297058540778354,-0.33711993108234817,-4.348952176146895
191,-0.4,-1.9,0,0,0.4,1.9,1.9416487838947598,-0.47081244481506657,-4.847622706801193
192,-0.5,-2.3,0,0,0.5,2.3,2.3537204591879637,-0.5162012639860819,-4.966714504870831
193,-0.6,-2.7,0,0,0.6,2.7,2.7658633371878665,-0.6138149739800771,-5.457148186316868
194,-0.6,-2.8,0,0,0.6,2.8,2.8635642126552705,0.03730708452245529,-3.627472361842198
195,-0.8,-3.2,0,0,0.8,3.2,3.298484500494129,-1.396916109018445,-5.91520647559871
196,-0.9,-3.3,0,0,0.9,3.3,3.420526275297414,-0.8181373561178336,-4.117767305942614
197,-0.9,-3.5,0,0,0.9,3.5,3.6138621999185303,-0.16481472603810737,-4.926946220246343
198,-0.9,-3.6,0,0,0.9,3.6,3.710795063055895,-0.1850447499528482,-4.461224316176409
199,-0.9,-3.7,0,0,0.9,3.7,3.8078865529319543,-0.20673136125977504,-4.60838775239897
200,-1.0,-3.8,0,0,1.0,3.8,3.9293765408777,-0.9260568211811242,-4.698870807546548
201,-1.1,-3.6,0,0,1.1,3.6,3.7643060449437424,-0.9657021342269203,-2.69975510733993
202,-1.0,-3.7,0,0,1.0,3.7,3.83275357934736,0.39064706108152886,-4.792117037248631
203,-1.0,-3.4,0,0,1.0,3.4,3.54400902933387,-0.33639775948132994,-1.9851899447224963
204,-1.0,-3.4,0,0,1.0,3.4,3.54400902933387,-0.31706432741056095,-3.9501663402756497
205,-0.9,-3.2,0,0,0.9,3.2,3.3241540277189325,0.4283944537940494,-2.499812293114386
206,-0.9,-3.0,0,0,0.9,3.0,3.132091952673165,-0.2633245427363298,-2.479295377185653
207,-0.8,-2.8,0,0,0.8,2.8,2.912043955712207,0.4026014346902916,-2.306263224682374
208,-0.8,-2.4,0,0,0.8,2.4,2.5298221281347035,-0.2437741292387277,-0.8226225731631429
209,-0.7,-2.2,0,0,0.7,2.2,2.3086792761230392,0.5277358875448603,-1.856431354009388
210,-0.6,-1.7,0,0,0.6,1.7,1.8027756377319946,0.5629212636010064,0.4409883356872695
211,-0.5,-1.5,0,0,0.5,1.5,1.5811388300841898,0.6296868157339335,-1.45061203216856
212,-0.4,-0.9,0,0,0.4,0.9,0.9848857801796105,0.6805804247576994,1.449574953856256
213,-0.2,-0.7,0,0,0.2,0.7,0.7280109889280517,1.5301154824596161,-0.864739988463008
214,-0.1,-0.2,0,0,0.1,0.2,0.223606797749979,0.856385097747608,1.3000259526671867
215,0.0,0.1,0,0,0.0,-0.1,0.1,0.40995490421557,-1.3197369046070198
216,0.1,0.5,0,0,-0.1,-0.5,0.5099019513592785,1.032368541966989,1.3423002767028636
217,0.2,1.0,0,0,-0.2,-1.0,1.019803902718557,1.098911662051032,2.2834478109417926
218,0.4,1.1,0,0,-0.4,-1.1,1.1704699910719625,1.9412205741910675,-0.09335749186680042
219,0.5,1.7,0,0,-0.5,-1.7,1.772004514666935,1.3568261563066546,3.672490053292115
220,0.6,1.8,0,0,-0.6,-1.8,1.8973665961010275,1.4460766524523296,0.45169775553876657
221,0.7,2.3,0,0,-0.7,-2.3,2.4041630560342613,1.484584396247755,3.260820292222888
222,0.8,2.4,0,0,-0.8,-2.4,2.5298221281347035,1.6155719650413722,0.9825790188079806
223,0.9,2.8,0,0,-0.9,-2.8,2.9410882339705484,1.67927205582756,3.3145368768232046
224,1.0,3.0,0,0,-1.0,-3.0,3.1622776601683795,1.7990458283129327,2.1845937099916046
225,1.1,3.2,0,0,-1.1,-3.2,3.3837848631377265,1.8617006107707414,2.3047494338704126
226,1.2,3.4,0,0,-1.2,-3.4,3.605551275463989,1.9353306883682873,2.504000857248495
227,1.2,3.3,0,0,-1.2,-3.3,3.5114099732158874,1.3097105103449422,0.5440103477117602
228,1.3,3.6,0,0,-1.3,-3.6,3.8275318418009276,2.0170735202503254,3.3458041795025757
229,1.3,3.5,0,0,-1.3,-3.5,3.7336309405188937,1.4112869660322445,0.7765289332214145
230,1.3,3.5,0,0,-1.3,-3.5,3.7336309405188937,1.4409288761772228,1.553239443067195
231,1.3,3.5,0,0,-1.3,-3.5,3.7336309405188937,1.472410779431535,1.6017486266449867
232,1.3,3.4,0,0,-1.3,-3.4,3.640054944640259,1.5034667102722536,0.9091978982723736
233,1.3,3.4,0,0,-1.3,-3.4,3.640054944640259,1.5123917340389164,1.5844784469279756
234,1.2,3.3,0,0,-1.2,-3.3,3.5114099732158874,0.8040329915462487,0.8782560346298243
235,1.1,3.2,0,0,-1.1,-3.2,3.3837848631377265,0.7757157662199384,0.8557383237378509
236,1.0,3.1,0,0,-1.0,-3.1,3.2572994949804666,0.7176463073173656,0.75695414403644
237,1.0,2.9,0,0,-1.0,-2.9,3.0675723300355937,1.3781098989024068,0.020357716469676324
238,0.8,2.8,0,0,-0.8,-2.8,2.912043955712207,-0.03468297076831539,0.5713015921627347
239,0.7,2.5,0,0,-0.7,-2.5,2.596150997149434,0.5481604501843971,-0.9990468152338575
240,0.6,2.4,0,0,-0.6,-2.4,2.4738633753705965,0.49403216966093105,0.3172267404572214
241,0.4,2.1,0,0,-0.4,-2.1,2.137755832643195,-0.22140239741837697,-1.0620459502279154
242,0.3,1.9,0,0,-0.3,-1.9,1.9235384061671343,0.25426788507604303,-0.6867370253013783
243,0.2,1.5,0,0,-0.2,-1.5,1.5132745950421556,0.22456705498163154,-2.180427352644337
244,0.1,1.3,0,0,-0.1,-1.3,1.3038404810405297,0.13450745066648095,-1.0282725021304722
245,0.0,1.0,0,0,0.0,-1.0,1.0,0.6209933133472381,-0.1923894580896141
246,-0.1,0.7,0,0,0.1,-0.7,0.7071067811865475,-0.07548549982515318,-2.1796396600194754
247,-0.2,0.4,0,0,0.2,-0.4,0.447213595499958,-0.1381222657469262,-2.2606847490630835
248,-0.3,0.1,0,0,0.3,-0.1,0.31622776601683794,-0.28141752399799824,-2.608163698964396
249,-0.4,-0.1,0,0,0.4,0.1,0.4123105625617661,-0.28261498156116904,-1.956760184262155
250,-0.4,-0.5,0,0,0.4,0.5,0.6403124237432849,0.3144580653404293,-3.7258940953641115
251,-0.5,-0.7,0,0,0.5,0.7,0.8602325267042626,-0.4228510876017856,-2.477887753777157
252,-0.6,-0.9,0,0,0.6,0.9,1.0816653826391966,-0.49664775211004714,-2.658114147006764
253,-0.6,-1.2,0,0,0.6,1.2,1.3416407864998738,0.14145951392539854,-3.598184005395263
254,-0.7,-1.3,0,0,0.7,1.3,1.47648230602334,-0.5768923894165447,-2.3338019537386794
255,-0.8,-1.5,0,0,0.8,1.5,1.7,-0.682182664389954,-3.187675068001637
256,-0.8,-1.7,0,0,0.8,1.7,1.8788294228055935,-0.00918007854522826,-3.2974690604068098
257,-0.8,-1.8,0,0,0.8,1.8,1.969771560359221,-0.011025413105090642,-2.828997205350447
258,-0.8,-1.9,0,0,0.8,1.9,2.0615528128088303,-0.04132715636175177,-2.888264045550338
259,-0.9,-2.0,0,0,0.9,2.0,2.193171219946131,-0.7586382843913673,-3.014041015110534
260,-0.9,-1.8,0,0,0.9,1.8,2.012461179749811,-0.10093361963344066,-0.9527296456286001
261,-0.9,-2.0,0,0,0.9,2.0,2.193171219946131,-0.13477212941681171,-3.691300247147659
262,-0.8,-1.9,0,0,0.8,1.9,2.0615528128088303,0.6112420403532435,-1.7043420728790968
263,-0.8,-1.9,0,0,0.8,1.9,2.0615528128088303,-0.08190820997312567,-2.438497149749945
264,-0.7,-1.7,0,0,0.7,1.7,1.8384776310850235,0.6123700661636419,-1.0823294628388354
265,-0.7,-1.6,0,0,0.7,1.6,1.746424919657298,-0.03958732401724044,-1.6322680699810042
266,-0.6,-1.5,0,0,0.6,1.5,1.6155494421403511,0.6924638387589594,-1.5084931723686292
267,-0.6,-1.2,0,0,0.6,1.2,1.3416407864998738,-0.007294223902215263,-0.13402117080409148
268,-0.5,-1.2,0,0,0.5,1.2,1.3,0.7321659877155122,-2.0479198859395926
269,-0.3,-0.8,0,0,0.3,0.8,0.8544003745317532,1.4775664909967041,0.7469909697154258
270,-0.3,-0.9,0,0,0.3,0.9,0.9486832980505138,0.21506406054478502,-2.4935704972251758
271,-0.2,-0.5,0,0,0.2,0.5,0.5385164807134505,0.9240257930054616,1.0225477036764117
272,-0.1,-0.5,0,0,0.1,0.5,0.5099019513592785,1.0097250918088339,-1.4994969457561513
273,0.0,-0.2,0,0,0.0,0.2,0.2,0.5241033994050991,-0.8929298877065825
274,0.2,-0.1,0,0,-0.2,0.1,0.223606797749979,1.7615271310569043,-0.5417582833548995
275,0.3,0.1,0,0,-0.3,-0.1,0.31622776601683794,1.2868005265604419,0.3196216711552202
276,0.3,0.3,0,0,-0.3,-0.3,0.4242640687119285,0.6663814711471514,0.5375259358360559
277,0.5,0.5,0,0,-0.5,-0.5,0.7071067811865476,2.054292509825696,0.5851591584614815
278,0.5,0.7,0,0,-0.5,-0.7,0.8602325267042626,0.8008792303285761,0.8870474059252997
279,0.6,0.9,0,0,-0.6,-0.9,1.0816653826391966,1.4965663595516596,0.8380783238225828
280,0.7,1.1,0,0,-0.7,-1.1,1.3038404810405297,1.6598794319960395,1.1225484789071687
281,0.8,1.3,0,0,-0.8,-1.3,1.5264337522473748,1.7252500846489252,1.1828204189615923
282,0.9,1.3,0,0,-0.9,-1.3,1.5811388300841898,1.8171183748086608,-0.027705974682992407
283,1.0,1.6,0,0,-1.0,-1.6,1.886796226411321,1.879742784321543,2.1700449029717106
284,1.1,1.5,0,0,-1.1,-1.5,1.8601075237738274,1.9556249166779391,-0.46701934078548696
285,1.1,1.7,0,0,-1.1,-1.7,2.0248456731316584,1.2933381365776897,1.6624158639091668
286,1.1,1.7,0,0,-1.1,-1.7,2.0248456731316584,1.3216538279865557,0.41675117430258074
287,1.2,1.8,0,0,-1.2,-1.8,2.1633307652783933,2.0902017778026027,1.218275963409695
288,1.2,1.8,0,0,-1.2,-1.8,2.1633307652783933,1.4321801825552527,0.5425861931427927
289,1.2,1.8,0,0,-1.2,-1.8,2.1633307652783933,1.466002220022422,0.587165855704572
290,1.2,1.6,0,0,-1.2,-1.6,2.0,1.501206205074837,-0.808550921199651
291,1.2,1.7,0,0,-1.2,-1.7,2.080865204668481,1.5128217251145408,1.188036111367598
292,1.2,1.5,0,0,-1.2,-1.5,1.9209372712298547,1.499641133317588,-0.8034005649855392
293,1.1,1.4,0,0,-1.1,-1.4,1.7804493814764855,0.7532448884200121,-0.2576230408461946
294,1.1,1.3,0,0,-1.1,-1.3,1.7029386365926402,1.485292172355994,-0.2261123467635912
295,1.0,1.1,0,0,-1.0,-1.1,1.4866068747318506,0.7820927287893066,-0.9782810275338021
296,0.9,1.0,0,0,-0.9,-1.0,1.3453624047073711,0.6989699893259534,-0.46314834075116296
297,0.9,0.8,0,0,-0.9,-0.8,1.2041594578792296,1.3896680296760082,-0.551727985695204
298,0.9,0.6,0,0,-0.9,-0.6,1.0816653826391966,1.3925241563151123,-1.3084394751434623
299,0.8,0.4,0,0,-0.8,-0.4,0.894427190999916,0.6302440747766912,-1.5547241842563726
300,0.7,0.3,0,0,-0.7,-0.3,0.7615773105863908,0.5676754894299919,-0.9440433782491326
301,0.6,0.1,0,0,-0.6,-0.1,0.6082762530298219,0.5466090192358086,-1.6908998562043962
302,0.5,0.0,0,0,-0.5,0.0,0.5,0.45260677737702326,-1.1617357328388782
303,0.4,-0.2,0,0,-0.4,0.2,0.447213595499958,0.359766117069659,-1.9879257456533619
304,0.3,-0.4,0,0,-0.3,0.4,0.5,0.3363729737264436,-2.114582790944891
305,0.2,-0.5,0,0,-0.2,0.5,0.5385164807134505,0.2829422811058234,-1.5694119380360538
306,0.1,-0.7,0,0,-0.1,0.7,0.7071067811865475,0.18724165638177537,-2.396894333634325
307,0.0,-0.8,0,0,0.0,0.8,0.8,0.7388342656159762,-1.083444076260949
308,-0.1,-0.9,0,0,0.1,0.9,0.9055385138137417,0.05941014926496857,-1.8754775123613925
309,-0.2,-1.0,0,0,0.2,1.0,1.019803902718557,-0.024946908621335195,-1.9732939062660613
310,-0.3,-1.1,0,0,0.3,1.1,1.140175425099138,-0.10226275005650165,-2.0915889712920825
311,-0.4,-1.2,0,0,0.4,1.2,1.2649110640673518,-0.1962625297712276,-2.2006920193662083
312,-0.5,-1.2,0,0,0.5,1.2,1.3,-0.26335166047982805,-1.5713401287900473
313,-0.5,-1.3,0,0,0.5,1.3,1.392838827718412,0.375763332658742,-2.326011448482718
314,-0.6,-1.2,0,0,0.6,1.2,1.3416407864998738,-0.352356059852078,-0.982784018639711
315,-0.6,-1.3,0,0,0.6,1.3,1.4317821063276355,0.2771423551962794,-2.384473233348749
316,-0.7,-1.1,0,0,0.7,1.1,1.3038404810405297,-0.45024117435468675,-0.32705474787908584
317,-0.8,-1.1,0,0,0.8,1.1,1.3601470508735445,-0.5195029620328435,-1.660563444824281
318,-0.9,-1.0,0,0,0.9,1.0,1.3453624047073711,-0.6170385476345133,-0.9523247667992435
319,-0.9,-1.0,0,0,0.9,1.0,1.3453624047073711,0.04831234873371498,-1.6288504563030235
320,-1.0,-0.9,0,0,1.0,0.9,1.3453624047073711,-0.6609452215010984,-0.9104098168901824
321,-1.0,-0.8,0,0,1.0,0.8,1.2806248474865698,-0.005724307945792095,-0.8489085433819867
322,-1.0,-0.8,0,0,1.0,0.8,1.2806248474865698,-0.009406381531995023,-1.4817895940325223
323,-1.0,-0.6,0,0,1.0,0.6,1.16619037896906,-0.04128956715110596,-0.052799061255996316
324,-1.0,-0.6,0,0,1.0,0.6,1.16619037896906,-0.07511570054631511,-1.306509154338148
325,-1.0,-0.5,0,0,1.0,0.5,1.118033988749895,-0.08541611463602095,-0.5851718399093988
326,-1.0,-0.5,0,0,1.0,0.5,1.118033988749895,-0.09715805685317147,-1.2172183804274272
327,-1.0,-0.4,0,0,1.0,0.4,1.077032961426901,-0.11067604058977781,-0.44986013863766683
328,-0.9,-0.3,0,0,0.9,0.3,0.9486832980505138,0.6198981621264008,-0.3902419880005742
329,-0.8,-0.2,0,0,0.8,0.2,0.8246211251235323,0.6495028741056794,-0.32980081527174854
330,-0.7,-0.1,0,0,0.7,0.1,0.7071067811865475,0.7069773525308941,-0.2408054960318421
331,-0.6,-0.1,0,0,0.6,0.1,0.6082762530298219,0.7937016252887481,-0.8802967327579383
332,-0.5,0.0,0,0,0.5,0.0,0.5,0.7841536117099923,-0.19345547606756985
333,-0.5,0.0,0,0,0.5,0.0,0.5,0.14921233548642904,-0.8140614528700382
334,-0.4,0.2,0,0,0.4,-0.2,0.447213595499958,0.860399229088708,0.6033959542083801
335,-0.3,0.2,0,0,0.3,-0.2,0.36055512754639896,0.990128962017277,-0.6490277425096094
336,-0.2,0.2,0,0,0.2,-0.2,0.28284271247461906,1.0607736642225132,-0.617969518462195
337,-0.2,0.4,0,0,0.2,-0.4,0.447213595499958,0.43650340518208464,0.8545483435517626
338,-0.1,0.4,0,0,0.1,-0.4,0.4123105625617661,1.177024046043995,-0.5101315984137594
339,0.0,0.4,0,0,0.0,-0.4,0.4,0.602601561627652,-0.6299350744995619
340,0.1,0.4,0,0,-0.1,-0.4,0.4123105625617661,1.3165476115339396,-0.4752153970433881
341,0.2,0.5,0,0,-0.2,-0.5,0.5385164807134505,1.3793769029312517,0.2651261485843507
342,0.3,0.4,0,0,-0.3,-0.4,0.5,1.4784187445567984,-1.1389252383759554
343,0.4,0.5,0,0,-0.4,-0.5,0.6403124237432849,1.5091365045432026,0.27770206448812496
344,0.4,0.4,0,0,-0.4,-0.4,0.5656854249492381,0.8587627426771814,-1.0322992037830743
345,0.5,0.4,0,0,-0.5,-0.4,0.6403124237432849,1.5757789144746193,-0.4005003458094152
346,0.5,0.4,0,0,-0.5,-0.4,0.6403124237432849,0.9664671330845838,-0.4127417703944138
347,0.6,0.4,0,0,-0.6,-0.4,0.7211102550927979,1.7085900089325061,-0.3972948880323456
348,0.7,0.4,0,0,-0.7,-0.4,0.8062257748298549,1.7943933901921916,-0.40740980636011437
349,0.7,0.5,0,0,-0.7,-0.5,0.8602325267042626,1.1571753241930685,0.32111395625586636
350,0.7,0.5,0,0,-0.7,-0.5,0.8602325267042626,1.1622118983408263,-0.37541197923350045
351,0.8,0.5,0,0,-0.8,-0.5,0.9433981132056605,1.8460367769424901,-0.40829151167748073
352,0.8,0.5,0,0,-0.8,-0.5,0.9433981132056605,1.2236019228760775,-0.414940666833159
353,0.8,0.4,0,0,-0.8,-0.4,0.894427190999916,1.231807221396005,-1.1327931393973558
354,0.8,0.4,0,0,-0.8,-0.4,0.894427190999916,1.2680106900288957,-0.47389626413964303
355,0.9,0.3,0,0,-0.9,-0.3,0.9486832980505138,2.0292672038781485,-1.1993023517113268
356,0.9,0.3,0,0,-0.9,-0.3,0.9486832980505138,1.3139022651002044,-0.471998350690972
357,0.7,0.3,0,0,-0.7,-0.3,0.7615773105863908,-0.05492057100041037,-0.47157500845907274
358,0.7,0.3,0,0,-0.7,-0.3,0.7615773105863908,1.2427466956474553,-0.4705448662025546
359,0.8,0.2,0,0,-0.8,-0.2,0.8246211251235323,1.9261879033798555,-1.1848767827259357
360,0.7,0.2,0,0,-0.7,-0.2,0.7280109889280517,0.5657235332077968,-0.5663634868420023
361,0.8,0.1,0,0,-0.8,-0.1,0.806225774829855,1.9624930815286097,-1.2997238876341937
362,0.7,0.1,0,0,-0.7,-0.1,0.7071067811865475,0.5886055964230008,-0.660329062651363
363,0.7,0.0,0,0,-0.7,0.0,0.7,1.2226313741568204,-1.344841339989436
364,0.6,0.0,0,0,-0.6,0.0,0.6,0.47041705600806116,-0.6946966399535728
365,0.5,0.0,0,0,-0.5,0.0,0.5,0.41750994755437376,-0.7117443675588345
366,0.4,0.0,0,0,-0.4,0.0,0.4,0.4265043748862417,-0.7287312518837092
367,0.4,-0.2,0,0,-0.4,0.2,0.447213595499958,1.061622274705876,-2.1447725238013833
368,0.3,-0.1,0,0,-0.3,0.1,0.31622776601683794,0.3257710657859245,-0.11866106282243205
369,0.3,-0.2,0,0,-0.3,0.2,0.36055512754639896,1.001580283992825,-1.542549025744532
370,0.3,-0.1,0,0,-0.3,0.1,0.31622776601683794,0.986466213458238,-0.18238015750556058
371,0.2,-0.3,0,0,-0.2,0.3,0.36055512754639896,0.20151069708988378,-2.3184288706649916
372,0.1,-0.2,0,0,-0.1,0.2,0.223606797749979,0.1783040262433464,-0.24320791962752342
373,0.1,-0.2,0,0,-0.1,0.2,0.223606797749979,0.7965962076075187,-0.9136464306320887
374,0.0,-0.3,0,0,0.0,0.3,0.3,0.7134002417275201,-0.9737631799863811
375,0.0,-0.3,0,0,0.0,0.3,0.3,0.7842282202576498,-0.9029710662618677
376,-0.1,-0.2,0,0,0.1,0.2,0.223606797749979,-0.0026773387594007936,-0.2185071261311543
377,-0.1,-0.3,0,0,0.1,0.3,0.31622776601683794,0.6770169810611232,-1.601261035524558
378,-0.2,-0.3,0,0,0.2,0.3,0.36055512754639896,-0.10878346926891469,-1.0026001846132588
379,-0.2,-0.3,0,0,0.2,0.3,0.36055512754639896,0.5835773813679079,-0.9707514337084819
380,-0.3,-0.3,0,0,0.3,0.3,0.4242640687119285,-0.15095805200392443,-0.9907814844454644
381,-0.3,-0.3,0,0,0.3,0.3,0.4242640687119285,0.5155355823973075,-1.0116384370396347
382,-0.4,-0.3,0,0,0.4,0.3,0.5,-0.19174636467632022,-0.9793543249640848
383,-0.4,-0.3,0,0,0.4,0.3,0.5,0.44544263817404334,-0.9721278229338772
384,-0.3,-0.4,0,0,0.3,0.4,0.5,1.1433565525136347,-1.7018056755523792
385,-0.4,-0.3,0,0,0.4,0.3,0.5,-0.19073840384671537,-0.37865933648845296
386,-0.4,-0.2,0,0,0.4,0.2,0.447213595499958,0.4073701567074965,-0.22171383468631667
387,-0.4,-0.4,0,0,0.4,0.4,0.5656854249492381,0.39347322276500885,-2.3169505092366283
388,-0.4,-0.2,0,0,0.4,0.2,0.447213595499958,0.3795610187453111,0.36027198679155215
389,-0.4,-0.3,0,0,0.4,0.3,0.5,0.36467718266280735,-1.6716461677152754
390,-0.5,-0.3,0,0,0.5,0.3,0.58309518948453,-0.316801450690951,-1.0075151444038593
391,-0.4,-0.2,0,0,0.4,0.2,0.447213595499958,1.0955734994268889,-0.27723001320578766
392,-0.4,-0.3,0,0,0.4,0.3,0.5,0.39525658103432343,-1.567078602404376
393,-0.4,-0.2,0,0,0.4,0.2,0.447213595499958,0.4018374968554862,-0.2474879527648126
394,-0.4,-0.2,0,0,0.4,0.2,0.447213595499958,0.40736232764606817,-0.9342381700946791
395,-0.4,0.0,0,0,0.4,0.0,0.4,0.4119699305292194,0.48168830530061535
396,-0.4,-0.1,0,0,0.4,0.1,0.4123105625617661,0.38922197461813335,-1.550384756134506
397,-0.4,0.0,0,0,0.4,0.0,0.4,0.39283070917453483,-0.17060592346932835
398,-0.4,-0.2,0,0,0.4,0.2,0.447213595499958,0.4227236336953355,-2.3909510330402526
399,-0.4,-0.1,0,0,0.4,0.1,0.4123105625617661,0.42409174047157294,-0.2562219395658437
400,-0.3,-0.2,0,0,0.3,0.2,0.36055512754639896,1.1232265358020688,-1.5532429457515966
401,-0.2,-0.3,0,0,0.2,0.3,0.36055512754639896,1.1589913558914424,-1.5416133571646191
402,-0.3,-0.3,0,0,0.3,0.3,0.4242640687119285,-0.1982994106123135,-0.8815402854365075
403,-0.2,-0.4,0,0,0.2,0.4,0.447213595499958,1.1851080493070802,-1.5976177381284298
404,-0.2,-0.4,0,0,0.2,0.4,0.447213595499958,0.5145323661159754,-0.9619595835485759
405,-0.1,-0.5,0,0,0.1,0.5,0.5099019513592785,1.2254444329408403,-1.7080565854237983
406,-0.2,-0.5,0,0,0.2,0.5,0.5385164807134505,-0.13495314538592518,-1.0398118402399965
407,-0.1,-0.5,0,0,0.1,0.5,0.5099019513592785,1.2520509055303468,-1.0871241362118313
408,-0.1,-0.5,0,0,0.1,0.5,0.5099019513592785,0.6175906426405049,-1.1082767717257487
409,-0.1,-0.4,0,0,0.1,0.4,0.4123105625617661,0.6111124454816654,-0.3987739278544069
410,-0.2,-0.5,0,0,0.2,0.5,0.5385164807134505,-0.0737195594121719,-1.8104323586269047
411,-0.1,-0.4,0,0,0.1,0.4,0.4123105625617661,1.3105383260524988,-0.47246645737818127
412,-0.2,-0.4,0,0,0.2,0.4,0.447213595499958,-0.09506316620820643,-1.154797395594356
413,-0.2,-0.3,0,0,0.2,0.3,0.36055512754639896,0.5923554643354636,-0.4363246493922742
414,-0.2,-0.3,0,0,0.2,0.3,0.36055512754639896,0.6134789897416464,-1.1075825381942066
415,-0.2,-0.2,0,0,0.2,0.2,0.28284271247461906,0.6102152212318395,-0.36506614589660014
416,-0.2,-0.2,0,0,0.2,0.2,0.28284271247461906,0.5812337568536323,-1.0377241594804332
417,-0.2,0.0,0,0,0.2,0.0,0.2,0.5786199273137761,0.34622087382853084
418,-0.2,-0.1,0,0,0.2,0.1,0.223606797749979,0.5748417951332953,-1.6512554553402237
419,-0.3,0.0,0,0,0.3,0.0,0.3,-0.1336023612579763,-0.2799490806156464
420,-0.2,0.1,0,0,0.2,-0.1,0.223606797749979,1.266940487223738,-0.12027861865000855
421,-0.2,0.2,0,0,0.2,-0.2,0.28284271247461906,0.5417199262913873,-0.11539274243197573
422,-0.2,0.1,0,0,0.2,-0.1,0.223606797749979,0.5391582956414378,-1.4755401709412896
423,-0.2,0.3,0,0,0.2,-0.3,0.36055512754639896,0.5366831670605557,0.6954334918162948
424,-0.2,0.2,0,0,0.2,-0.2,0.28284271247461906,0.5340372828339485,-1.3467796321023888
425,-0.1,0.4,0,0,0.1,-0.4,0.4123105625617661,1.2300841130413995,0.71781464291439
426,-0.1,0.3,0,0,0.1,-0.3,0.31622776601683794,0.555041396966288,-1.2733008223012987
427,-0.1,0.3,0,0,0.1,-0.3,0.31622776601683794,0.5792887875936497,-0.5988718505287419
428,-0.1,0.2,0,0,0.1,-0.2,0.223606797749979,0.5747129082821152,-1.320488671759143
429,0.0,0.2,0,0,0.0,-0.2,0.2,0.6828577752073884,-0.7465795369982158
430,-0.1,0.2,0,0,0.1,-0.2,0.223606797749979,-0.11444272210214379,-0.622736329017509
431,-0.1,0.2,0,0,0.1,-0.2,0.223606797749979,0.586022983800836,-0.6024953571904428
432,0.0,0.1,0,0,0.0,-0.1,0.1,0.6820048888675767,-0.8489875848360442
433,0.0,0.1,0,0,0.0,-0.1,0.1,0.6121794501260363,-0.7810633261119304
434,0.0,0.0,0,0,0.0,0.0,0.0,0.6122105838974025,-0.9071841259088883
435,0.0,0.0,0,0,0.0,0.0,0.0,0.6153609363898136,-0.8354021829950476
436,0.1,-0.1,0,0,-0.1,0.1,0.14142135623730953,1.3612158925831346,-1.4647321321673394
437,0.1,0.0,0,0,-0.1,0.0,0.1,0.6782612890299269,-0.07571022734734212
438,0.2,-0.1,0,0,-0.2,0.1,0.223606797749979,1.362556654773515,-1.4537284643265376
439,0.2,0.0,0,0,-0.2,0.0,0.2,0.763942880838633,-0.1439231684418698
440,0.3,-0.1,0,0,-0.3,0.1,0.31622776601683794,1.489486107475387,-1.5686691855862551
441,0.3,0.0,0,0,-0.3,0.0,0.3,0.7971884991003046,-0.19523894062161262
442,0.5,-0.1,0,0,-0.5,0.1,0.5099019513592785,2.217015097617607,-1.585143023478929
443,0.5,-0.1,0,0,-0.5,0.1,0.5099019513592785,0.927471895621107,-0.9294763368967534
444,0.5,-0.1,0,0,-0.5,0.1,0.5099019513592785,0.941238883323143,-0.9241453033436966
445,0.5,-0.2,0,0,-0.5,0.2,0.5385164807134505,0.955298742630093,-1.593149053165926
446,0.6,-0.2,0,0,-0.6,0.2,0.6324555320336759,1.7023246286761649,-0.9661898002815777
447,0.6,-0.2,0,0,-0.6,0.2,0.6324555320336759,1.036222591143857,-0.963152574675297
448,0.6,-0.2,0,0,-0.6,0.2,0.6324555320336759,1.0772078673999106,-0.9591566004352603
449,0.6,-0.2,0,0,-0.6,0.2,0.6324555320336759,1.119225187544787,-0.9817490905277446
450,0.6,-0.2,0,0,-0.6,0.2,0.6324555320336759,1.1100425261863553,-0.9784299642237329
451,0.5,-0.2,0,0,-0.5,0.2,0.5385164807134505,0.42324897785746074,-1.000276610757118
452,0.5,-0.3,0,0,-0.5,0.3,0.58309518948453,1.0743153929471325,-1.7423586537755331
453,0.5,-0.2,0,0,-0.5,0.2,0.5385164807134505,1.0967159244341622,-0.349374498897984
454,0.5,-0.2,0,0,-0.5,0.2,0.5385164807134505,1.0932751691167506,-1.0160979365871297
455,0.4,-0.1,0,0,-0.4,0.1,0.4123105625617661,0.7136178895102956,-0.6340269901877649
456,0.4,-0.1,0,0,-0.4,0.1,0.4123105625617661,1.0449331911386897,-0.9650475940427246
457,0.3,-0.1,0,0,-0.3,0.1,0.31622776601683794,0.30011100620246867,-0.9641518099339081
458,0.3,0.0,0,0,-0.3,0.0,0.3,0.9470817453531049,-0.27238548384036587
459,0.3,0.0,0,0,-0.3,0.0,0.3,0.9495770123489449,-0.9425591862065461
460,0.2,0.0,0,0,-0.2,0.0,0.2,0.2533627764441021,-0.9178799639374516
461,0.1,0.0,0,0,-0.1,0.0,0.1,0.16984340593855496,-0.9069168031147484
462,0.2,0.1,0,0,-0.2,-0.1,0.223606797749979,1.535691986511075,-0.20107955188250037
463,0.1,0.1,0,0,-0.1,-0.1,0.14142135623730953,0.16461944024927722,-0.8509521963706876
464,0.1,0.1,0,0,-0.1,-0.1,0.14142135623730953,0.801042713660554,-0.8281994652635423
465,0.1,0.2,0,0,-0.1,-0.2,0.223606797749979,0.8088009427805346,0.025996982089879772
466,0.1,0.2,0,0,-0.1,-0.2,0.223606797749979,0.7906845582659299,-0.7635959560373219
467,0.1,0.3,0,0,-0.1,-0.3,0.31622776601683794,0.7459430223277091,-0.147060433301898
468,0.1,0.3,0,0,-0.1,-0.3,0.31622776601683794,0.7520894877285145,-0.7022395573882605
469,0.1,0.4,0,0,-0.1,-0.4,0.4123105625617661,0.7589369455749226,0.029970423174855876
470,0.1,0.3,0,0,-0.1,-0.3,0.31622776601683794,0.7396827226490049,-1.35701988928938
471,0.1,0.4,0,0,-0.1,-0.4,0.4123105625617661,0.7460781428985614,0.035873456266854786
472,0.1,0.4,0,0,-0.1,-0.4,0.4123105625617661,0.7520393955734623,-0.595323006113843
473,0.1,0.4,0,0,-0.1,-0.4,0.4123105625617661,0.7575985628360807,-0.5799652003281033
474,0.1,0.4,0,0,-0.1,-0.4,0.4123105625617661,0.7628124408467993,-0.5639449774155325
475,0.1,0.4,0,0,-0.1,-0.4,0.4123105625617661,0.7675665171768564,-0.544107902975346
476,0.1,0.5,0,0,-0.1,-0.5,0.5099019513592785,0.7721175090379615,0.13836412827718136
477,0.1,0.5,0,0,-0.1,-0.5,0.5099019513592785,0.776362200370033,-0.5069715333270588
478,0.1,0.5,0,0,-0.1,-0.5,0.5099019513592785,0.7803588856918332,-0.4865719152602899
479,0.1,0.5,0,0,-0.1,-0.5,0.5099019513592785,0.7841093862408356,-0.4916044150761993
480,0.1,0.5,0,0,-0.1,-0.5,0.5099019513592785,0.7876144854156137,-0.4961483287203003
481,0.1,0.4,0,0,-0.1,-0.4,0.4123105625617661,0.7908670035359638,-1.243998214141881
482,0.1,0.4,0,0,-0.1,-0.4,0.4123105625617661,0.7940189011279677,-0.5258822893656853
483,0.1,0.4,0,0,-0.1,-0.4,0.4123105625617661,0.7969122661110993,-0.501823531671789
484,0.1,0.4,0,0,-0.1,-0.4,0.4123105625617661,0.7997375858888394,-0.5021196547857245
485,0.1,0.4,0,0,-0.1,-0.4,0.4123105625617661,0.8024452576865999,-0.5015920037701075
486,0.1,0.4,0,0,-0.1,-0.4,0.4123105625617661,0.8049529807516671,-0.5006498913345416
487,0.2,0.3,0,0,-0.2,-0.3,0.36055512754639896,1.5339789320663622,-1.2528686460847465
488,0.2,0.3,0,0,-0.2,-0.3,0.36055512754639896,0.8573415550541973,-0.5998026160884666
489,0.3,0.3,0,0,-0.3,-0.3,0.4242640687119285,1.5500603010967116,-0.5956656542300888
490,0.3,0.2,0,0,-0.3,-0.2,0.36055512754639896,0.905909605336639,-1.3417492000661446
491,0.3,0.2,0,0,-0.3,-0.2,0.36055512754639896,0.9047214774618427,-0.6344799860595823
492,0.3,0.2,0,0,-0.3,-0.2,0.36055512754639896,0.9032396277979381,-0.6278951413263009
493,0.2,0.2,0,0,-0.2,-0.2,0.28284271247461906,0.22461215742767304,-0.6480224751483499
494,0.2,0.1,0,0,-0.2,-0.1,0.223606797749979,0.9058444604020096,-1.3923632918730506
495,0.2,0.1,0,0,-0.2,-0.1,0.223606797749979,0.9313864042036517,-0.7087790325803351
496,0.2,0.1,0,0,-0.2,-0.1,0.223606797749979,0.9571626990113689,-0.728129121335049
497,0.2,0.1,0,0,-0.2,-0.1,0.223606797749979,0.9577165704955438,-0.7476608972875275
498,0.2,0.1,0,0,-0.2,-0.1,0.223606797749979,0.9586837127886756,-0.7395757037395472
499,0.1,0.1,0,0,-0.1,-0.1,0.14142135623730953,0.22892414721643073,-0.7316835690399602
500,0.0,0.1,0,0,0.0,-0.1,0.1,0.7400525334602289,-0.7020433675008468
501,0.0,0.1,0,0,0.0,-0.1,0.1,0.8113074466854121,-0.7040474139397399
